Drug	Disease	Score
DB00513	C0005779	1.0
DB00513	C0038525	1.0
DB01193	C0549284	1.0
DB01193	C0004239	1.0
DB01193	C0018801	1.0
DB01193	C0039235	1.0
DB01193	C0004096	1.0
DB01193	C0006266	1.0
DB01418	C0549284	1.0
DB01418	C0032787	1.0
DB01418	C1735914	1.0
DB01418	C0038454	1.0
DB01418	C0040038	1.0
DB01418	C0235504	1.0
DB01418	C0042487	1.0
DB01615	C0162820	1.0
DB01615	C0011615	1.0
DB01615	C0013595	1.0
DB01615	C0032026	1.0
DB01615	C0035457	1.0
DB01615	C1276118	1.0
DB01615	C0009766	1.0
DB01615	C0026603	1.0
DB01615	C0035460	1.0
DB01615	C0042571	1.0
DB01615	C0423636	1.0
DB01615	C0003469	1.0
DB01615	C0004096	1.0
DB01615	C0027497	1.0
DB01615	C0240941	1.0
DB01615	C0037199	1.0
DB01615	C0038587	1.0
DB01615	C0856095	1.0
DB00511	C0344431	1.0
DB00511	C0042510	1.0
DB00787	C0206178	1.0
DB00518	C0003950	1.0
DB01001	C0006266	1.0
DB01001	C0423636	1.0
DB01001	C0549284	1.0
DB01001	C0004239	1.0
DB01001	C0018801	1.0
DB01001	C0221154	1.0
DB01001	C0340305	1.0
DB01001	C0039235	1.0
DB01001	C0344431	1.0
DB01001	C0042510	1.0
DB06766	C0035457	1.0
DB06766	C1276118	1.0
DB06766	C0009765	1.0
DB06766	C0009766	1.0
DB06766	C0011615	1.0
DB06766	C0037199	1.0
DB06766	C0035460	1.0
DB06766	C0162820	1.0
DB06766	C0013595	1.0
DB06766	C0026603	1.0
DB06766	C0027497	1.0
DB06766	C0032026	1.0
DB06766	C0042571	1.0
DB06766	C0856095	1.0
DB06766	C0423636	1.0
DB06766	C0003469	1.0
DB06766	C0004096	1.0
DB06766	C0240941	1.0
DB06766	C0038587	1.0
DB00240	C0004096	1.0
DB00240	C0240941	1.0
DB00240	C0035457	1.0
DB00240	C0001623	1.0
DB00240	C0004364	1.0
DB00240	C0009326	1.0
DB00240	C0854165	1.0
DB00240	C0009766	1.0
DB00240	C0009768	1.0
DB00240	C0011615	1.0
DB00240	C0036508	1.0
DB00240	C0013604	1.0
DB00240	C0017178	1.0
DB00240	C0413234	1.0
DB00240	C0022081	1.0
DB00240	C0920192	1.0
DB00240	C0027651	1.0
DB00240	C0033775	1.0
DB00240	C0033860	1.0
DB00240	C0035854	1.0
DB00240	C0006266	1.0
DB00240	C0024141	1.0
DB00240	C0042165	1.0
DB00240	C0013182	1.0
DB00240	C0029734	1.0
DB00630	C0020437	1.0
DB00630	C0029442	1.0
DB00437	C0024305	1.0
DB00437	C0009324	1.0
DB00437	C0010346	1.0
DB00437	C0024141	1.0
DB00437	C0026769	1.0
DB00437	C0043117	1.0
DB00437	C0235762	1.0
DB01430	C0344431	1.0
DB01430	C0042510	1.0
DB01430	C0549284	1.0
DB01430	C0004239	1.0
DB01430	C0007166	1.0
DB01430	C0018801	1.0
DB01430	C0036974	1.0
DB01430	C0039235	1.0
DB06274	C0235048	1.0
DB01122	C0013221	1.0
DB01122	C0017601	1.0
DB01122	C0026896	1.0
DB01122	C0344365	1.0
DB00288	C0004096	1.0
DB00288	C0011615	1.0
DB00288	C0033860	1.0
DB00288	C0035457	1.0
DB00288	C0009766	1.0
DB00288	C0009768	1.0
DB00288	C0013604	1.0
DB00288	C0022081	1.0
DB00288	C0920192	1.0
DB00288	C0240941	1.0
DB00288	C0035854	1.0
DB00288	C0001623	1.0
DB00288	C0006266	1.0
DB00288	C0024141	1.0
DB00288	C0004364	1.0
DB00288	C0009326	1.0
DB00288	C0854165	1.0
DB00288	C0036508	1.0
DB00288	C0017178	1.0
DB00288	C0413234	1.0
DB00288	C0027651	1.0
DB00288	C0033775	1.0
DB00288	C0042165	1.0
DB01605	C0032269	1.0
DB01605	C0035243	1.0
DB01605	C0038160	1.0
DB01605	C0014836	1.0
DB01605	C0018081	1.0
DB01605	C0023860	1.0
DB01605	C0038395	1.0
DB01605	C0001261	1.0
DB01605	C0008149	1.0
DB01605	C0013295	1.0
DB01605	C0024198	1.0
DB01605	C0271453	1.0
DB01605	C0037199	1.0
DB01605	C0149778	1.0
DB01605	C0021099	1.0
DB01605	C0023070	1.0
DB01605	C0004626	1.0
DB01605	C0038941	1.0
DB00479	C0018081	1.0
DB00479	C0014836	1.0
DB00479	C0015404	1.0
DB00479	C0019151	1.0
DB00479	C0038160	1.0
DB00479	C0029527	1.0
DB00479	C0014121	1.0
DB00479	C0032064	1.0
DB00479	C0038395	1.0
DB00479	C0041351	1.0
DB00479	C0149778	1.0
DB01060	C0014836	1.0
DB01060	C0018081	1.0
DB01060	C0035243	1.0
DB01060	C0021099	1.0
DB01060	C0023070	1.0
DB01060	C0004626	1.0
DB01060	C0038941	1.0
DB01060	C0032269	1.0
DB01060	C0038160	1.0
DB01060	C0037278	1.0
DB00261	C0013221	1.0
DB00261	C0018128	1.0
DB00261	C0018801	1.0
DB00261	C0021775	1.0
DB00261	C0085096	1.0
DB01217	C0010481	1.0
DB00407	C0002965	1.0
DB00407	C0340305	1.0
DB00407	C0032787	1.0
DB00407	C1735914	1.0
DB00407	C0235504	1.0
DB01274	C0423636	1.0
DB01274	C0017612	1.0
DB01274	C0018801	1.0
DB01274	C0221154	1.0
DB01274	C0340305	1.0
DB01274	C0039235	1.0
DB01274	C0344431	1.0
DB01274	C0042510	1.0
DB01274	C0549284	1.0
DB01274	C0004239	1.0
DB01072	C0001175	1.0
DB00335	C0004096	1.0
DB00335	C0006266	1.0
DB00335	C0017612	1.0
DB00335	C0007166	1.0
DB00732	C0039614	1.0
DB00732	C0020540	1.0
DB00928	C0004030	1.0
DB00928	C0006840	1.0
DB00928	C0008582	1.0
DB00928	C0085436	1.0
DB00719	C0009766	1.0
DB00719	C0011615	1.0
DB00719	C0037199	1.0
DB00719	C0035460	1.0
DB00719	C0009765	1.0
DB00719	C0162820	1.0
DB00719	C0013595	1.0
DB00719	C0026603	1.0
DB00719	C0032026	1.0
DB00719	C0042571	1.0
DB00719	C0423636	1.0
DB00719	C0003469	1.0
DB00719	C0004096	1.0
DB00719	C0027497	1.0
DB00719	C0240941	1.0
DB00719	C0038587	1.0
DB00719	C0856095	1.0
DB00993	C0024305	1.0
DB00993	C0018099	1.0
DB00972	C0026603	1.0
DB00972	C0042571	1.0
DB00972	C0423636	1.0
DB00972	C0003469	1.0
DB00972	C0004096	1.0
DB00972	C0027497	1.0
DB00972	C0240941	1.0
DB00972	C0038587	1.0
DB00972	C1276118	1.0
DB00972	C0856095	1.0
DB00972	C0011615	1.0
DB00972	C0037199	1.0
DB00972	C0162820	1.0
DB00207	C0001144	1.0
DB00207	C0014752	1.0
DB00207	C0015404	1.0
DB00207	C0017160	1.0
DB00207	C0018081	1.0
DB00207	C0023241	1.0
DB00207	C0039128	1.0
DB01061	C0014836	1.0
DB01061	C0018081	1.0
DB01061	C0023860	1.0
DB01061	C0035243	1.0
DB01061	C0038395	1.0
DB01061	C0001261	1.0
DB01061	C0008149	1.0
DB01061	C0013295	1.0
DB01061	C0024198	1.0
DB01061	C0271453	1.0
DB01061	C0037199	1.0
DB01061	C0149778	1.0
DB01061	C0032269	1.0
DB01061	C0038160	1.0
DB01061	C0021099	1.0
DB01061	C0023070	1.0
DB01061	C0004626	1.0
DB01061	C0038941	1.0
DB01061	C0037278	1.0
DB01602	C0001261	1.0
DB01602	C0008149	1.0
DB01602	C0013295	1.0
DB01602	C0024198	1.0
DB01602	C0271453	1.0
DB01602	C0037199	1.0
DB01602	C0149778	1.0
DB01602	C0021099	1.0
DB01602	C0023070	1.0
DB01602	C0032269	1.0
DB01602	C0004626	1.0
DB01602	C0038160	1.0
DB01602	C0038941	1.0
DB01602	C0037278	1.0
DB01408	C0004096	1.0
DB01408	C0006266	1.0
DB01408	C0423636	1.0
DB01408	C0549284	1.0
DB01408	C0004239	1.0
DB01408	C0017612	1.0
DB01408	C0018801	1.0
DB01408	C0221154	1.0
DB01408	C0340305	1.0
DB01408	C0039235	1.0
DB01408	C0344431	1.0
DB01408	C0042510	1.0
DB01408	C0007166	1.0
DB00394	C0001623	1.0
DB00394	C0004364	1.0
DB00394	C0009326	1.0
DB00394	C0854165	1.0
DB00394	C0263449	1.0
DB00394	C0011615	1.0
DB00394	C0036508	1.0
DB00394	C0013604	1.0
DB00394	C0017178	1.0
DB00394	C0413234	1.0
DB00394	C0027651	1.0
DB00394	C0033775	1.0
DB00394	C0033860	1.0
DB00394	C0006266	1.0
DB00394	C0024141	1.0
DB00394	C0009766	1.0
DB00394	C0009768	1.0
DB00394	C0013182	1.0
DB00394	C0020437	1.0
DB00394	C0022081	1.0
DB00394	C0920192	1.0
DB00394	C0035854	1.0
DB00394	C0029734	1.0
DB00394	C0042165	1.0
DB00542	C0013604	1.0
DB00542	C0020540	1.0
DB00892	C0013456	1.0
DB00892	C0019112	1.0
DB00892	C0019348	1.0
DB00892	C0027497	1.0
DB00892	C0029878	1.0
DB00892	C0271453	1.0
DB00892	C0240941	1.0
DB00892	C0040460	1.0
DB00892	C0856095	1.0
DB00892	C0015468	1.0
DB00892	C0235048	1.0
DB00892	C0030201	1.0
DB01086	C0015468	1.0
DB01086	C0235048	1.0
DB01086	C0030201	1.0
DB00868	C0235048	1.0
DB00868	C0014547	1.0
DB00868	C0040997	1.0
DB00868	C0005586	1.0
DB00868	C0014549	1.0
DB00868	C0033975	1.0
DB00868	C0035258	1.0
DB00868	C0036341	1.0
DB00868	C0036572	1.0
DB00868	C0038587	1.0
DB00868	C0011882	1.0
DB00868	C0014557	1.0
DB00868	C0014556	1.0
DB00868	C0038220	1.0
DB00868	C0344431	1.0
DB00868	C0042510	1.0
DB04890	C0035457	1.0
DB04890	C0035460	1.0
DB04890	C1276118	1.0
DB04890	C0009766	1.0
DB04890	C0011615	1.0
DB04890	C0037199	1.0
DB04890	C0423636	1.0
DB04890	C0003469	1.0
DB04890	C0004096	1.0
DB04890	C0027497	1.0
DB04890	C0240941	1.0
DB04890	C0038587	1.0
DB04890	C0856095	1.0
DB04890	C0026603	1.0
DB04890	C0042571	1.0
DB04890	C0009765	1.0
DB00443	C0020437	1.0
DB00443	C0240941	1.0
DB00443	C0042165	1.0
DB00443	C0009766	1.0
DB00443	C0009768	1.0
DB00443	C0263449	1.0
DB00443	C0013182	1.0
DB00443	C0022081	1.0
DB00443	C0920192	1.0
DB00443	C0035854	1.0
DB00443	C0029734	1.0
DB00195	C0423636	1.0
DB00195	C0549284	1.0
DB00195	C0004239	1.0
DB00195	C0018801	1.0
DB00195	C0340305	1.0
DB00195	C0039235	1.0
DB00195	C0344431	1.0
DB00195	C0042510	1.0
DB00195	C0004096	1.0
DB00195	C0006266	1.0
DB01019	C0021390	1.0
DB01019	C0022104	1.0
DB01019	C0030305	1.0
DB01019	C0151981	1.0
DB01019	C0037763	1.0
DB01128	C0019572	1.0
DB01128	C0007097	1.0
DB01128	C0020619	1.0
DB01128	C0034012	1.0
DB04794	C0006846	1.0
DB04794	C0040259	1.0
DB04794	C0005716	1.0
DB04794	C0006845	1.0
DB04794	C0006849	1.0
DB04794	C0700345	1.0
DB04794	C0009186	1.0
DB04794	C0019655	1.0
DB04794	C0085436	1.0
DB00612	C0344431	1.0
DB00612	C0042510	1.0
DB00612	C0549284	1.0
DB00612	C0004239	1.0
DB00612	C0004096	1.0
DB00612	C0006266	1.0
DB00612	C0017612	1.0
DB01158	C0549284	1.0
DB01158	C0004239	1.0
DB01158	C0007166	1.0
DB01158	C0018801	1.0
DB01158	C0036974	1.0
DB01158	C0039235	1.0
DB01237	C0042571	1.0
DB01237	C0856095	1.0
DB01237	C0423636	1.0
DB01237	C0004096	1.0
DB01237	C0240941	1.0
DB01237	C0035460	1.0
DB01237	C0038587	1.0
DB01237	C0037199	1.0
DB01237	C0009766	1.0
DB01237	C0162820	1.0
DB01237	C0011615	1.0
DB01237	C0013595	1.0
DB01237	C0032026	1.0
DB01222	C0001623	1.0
DB01222	C0006266	1.0
DB01222	C0009766	1.0
DB01222	C0009768	1.0
DB01222	C0013604	1.0
DB01222	C0022081	1.0
DB01222	C0920192	1.0
DB01222	C0024141	1.0
DB01222	C0240941	1.0
DB01222	C0035854	1.0
DB01222	C0004364	1.0
DB01222	C0009326	1.0
DB01222	C0854165	1.0
DB01222	C0036508	1.0
DB01222	C0017178	1.0
DB01222	C0413234	1.0
DB01222	C0027651	1.0
DB01222	C0033775	1.0
DB01222	C0263449	1.0
DB01222	C0020437	1.0
DB01222	C0042165	1.0
DB00297	C0030201	1.0
DB01091	C0006845	1.0
DB01091	C0040261	1.0
DB01091	C0040250	1.0
DB01101	C0019357	1.0
DB01101	C0007117	1.0
DB01101	C0022593	1.0
DB01101	C0002888	1.0
DB01101	C0013221	1.0
DB01101	C0016412	1.0
DB00564	C0014547	1.0
DB00564	C0235048	1.0
DB00564	C0014557	1.0
DB00564	C0014556	1.0
DB00564	C0036572	1.0
DB00564	C0038220	1.0
DB00564	C0010200	1.0
DB00564	C0344431	1.0
DB00564	C0042510	1.0
DB00564	C0011882	1.0
DB00389	C0018021	1.0
DB00748	C1276118	1.0
DB00748	C0009766	1.0
DB00748	C0011615	1.0
DB00748	C0037199	1.0
DB00748	C0423636	1.0
DB00748	C0003469	1.0
DB00748	C0004096	1.0
DB00748	C0026603	1.0
DB00748	C0027497	1.0
DB00748	C0240941	1.0
DB00748	C0038587	1.0
DB00748	C0856095	1.0
DB00748	C0009765	1.0
DB00748	C0042571	1.0
DB00429	C0003492	1.0
DB00429	C0013274	1.0
DB00429	C0020542	1.0
DB00429	C0152101	1.0
DB00429	C0162164	1.0
DB00429	C0039685	1.0
DB00429	C0243002	1.0
DB00521	C0423636	1.0
DB00521	C0004096	1.0
DB00521	C0549284	1.0
DB00521	C0004239	1.0
DB00521	C0006266	1.0
DB00521	C0018801	1.0
DB00521	C0340305	1.0
DB00521	C0039235	1.0
DB00521	C0344431	1.0
DB00521	C0042510	1.0
DB00923	C0014836	1.0
DB00923	C0004626	1.0
DB00923	C0149778	1.0
DB00923	C0038160	1.0
DB00923	C0038395	1.0
DB00229	C0014836	1.0
DB00229	C0035243	1.0
DB00229	C0149778	1.0
DB00229	C0038160	1.0
DB00229	C0038395	1.0
DB00229	C0018081	1.0
DB00229	C0021099	1.0
DB00229	C0024198	1.0
DB00229	C0023070	1.0
DB00229	C0004626	1.0
DB00229	C0037199	1.0
DB00229	C0038941	1.0
DB00229	C0001261	1.0
DB00229	C0008149	1.0
DB00229	C0013295	1.0
DB00229	C0023860	1.0
DB00229	C0271453	1.0
DB00229	C0032269	1.0
DB01112	C0001261	1.0
DB01112	C0008149	1.0
DB01112	C0013295	1.0
DB01112	C0023860	1.0
DB01112	C0271453	1.0
DB01112	C0038395	1.0
DB01112	C0035243	1.0
DB01112	C0038160	1.0
DB01112	C0032269	1.0
DB01112	C0037278	1.0
DB01139	C0001261	1.0
DB01139	C0008149	1.0
DB01139	C0013295	1.0
DB01139	C0018081	1.0
DB01139	C0021099	1.0
DB01139	C0023860	1.0
DB01139	C0024198	1.0
DB01139	C0271453	1.0
DB01139	C0023070	1.0
DB01139	C0004626	1.0
DB01139	C0037199	1.0
DB01139	C0038941	1.0
DB01139	C0032269	1.0
DB00341	C0423636	1.0
DB00341	C0003469	1.0
DB00341	C0004096	1.0
DB00341	C0027497	1.0
DB00341	C0240941	1.0
DB00341	C0038587	1.0
DB00341	C0856095	1.0
DB00341	C0026603	1.0
DB00341	C0042571	1.0
DB00341	C0009766	1.0
DB00341	C0035460	1.0
DB00341	C0162820	1.0
DB00341	C0011615	1.0
DB04837	C0035457	1.0
DB04837	C1276118	1.0
DB04837	C0003469	1.0
DB04837	C0026603	1.0
DB04837	C0027497	1.0
DB04837	C0423636	1.0
DB04837	C0004096	1.0
DB04837	C0240941	1.0
DB04837	C0038587	1.0
DB04837	C0042571	1.0
DB04837	C0856095	1.0
DB04837	C0009766	1.0
DB04837	C0035460	1.0
DB04837	C0162820	1.0
DB04837	C0011615	1.0
DB04837	C0037199	1.0
DB00269	C0021361	1.0
DB00269	C0021364	1.0
DB00269	C0025323	1.0
DB00269	C0007097	1.0
DB00269	C0018418	1.0
DB00269	C0034013	1.0
DB00269	C0029458	1.0
DB00269	C0001144	1.0
DB00269	C0014175	1.0
DB00269	C0025345	1.0
DB00310	C0003962	1.0
DB00310	C0022660	1.0
DB00310	C0022661	1.0
DB00310	C0023890	1.0
DB00310	C0034063	1.0
DB01410	C0011615	1.0
DB01410	C0033860	1.0
DB01410	C0009766	1.0
DB01410	C0009768	1.0
DB01410	C0013604	1.0
DB01410	C0022081	1.0
DB01410	C0920192	1.0
DB01410	C0240941	1.0
DB01410	C0035854	1.0
DB01410	C0001623	1.0
DB01410	C0004364	1.0
DB01410	C0006266	1.0
DB01410	C0009326	1.0
DB01410	C0854165	1.0
DB01410	C0017178	1.0
DB01410	C0413234	1.0
DB01410	C0024141	1.0
DB01410	C0027651	1.0
DB01410	C0263449	1.0
DB01410	C0036508	1.0
DB01410	C0033775	1.0
DB01410	C0042165	1.0
DB01166	C0013221	1.0
DB01166	C0018801	1.0
DB01166	C0032463	1.0
DB01166	C0858535	1.0
DB00565	C0039614	1.0
DB00565	C0020540	1.0
DB00215	C0030319	1.0
DB00283	C0003469	1.0
DB00283	C0026603	1.0
DB00283	C0027497	1.0
DB00283	C0423636	1.0
DB00283	C0004096	1.0
DB00283	C0240941	1.0
DB00283	C0038587	1.0
DB00283	C0856095	1.0
DB00283	C0035460	1.0
DB00283	C0042571	1.0
DB00283	C0009766	1.0
DB00283	C0162820	1.0
DB00283	C0011615	1.0
DB00283	C0013595	1.0
DB00283	C0032026	1.0
DB00771	C0022104	1.0
DB00771	C0030305	1.0
DB00771	C0037763	1.0
DB00771	C0005697	1.0
DB00771	C0344365	1.0
DB01013	C0001623	1.0
DB01013	C0004096	1.0
DB01013	C0004364	1.0
DB01013	C0009326	1.0
DB01013	C0854165	1.0
DB01013	C0009766	1.0
DB01013	C0009768	1.0
DB01013	C0011615	1.0
DB01013	C0036508	1.0
DB01013	C0013604	1.0
DB01013	C0017178	1.0
DB01013	C0413234	1.0
DB01013	C0022081	1.0
DB01013	C0920192	1.0
DB01013	C0027651	1.0
DB01013	C0033775	1.0
DB01013	C0033860	1.0
DB01013	C0035457	1.0
DB01013	C0035854	1.0
DB01013	C0006266	1.0
DB01013	C0024141	1.0
DB01013	C0042165	1.0
DB00838	C0263449	1.0
DB00838	C0240941	1.0
DB00838	C0004096	1.0
DB00838	C0035457	1.0
DB00838	C0001623	1.0
DB00838	C0004364	1.0
DB00838	C0009326	1.0
DB00838	C0854165	1.0
DB00838	C0009766	1.0
DB00838	C0009768	1.0
DB00838	C0011615	1.0
DB00838	C0036508	1.0
DB00838	C0013182	1.0
DB00838	C0013604	1.0
DB00838	C0017178	1.0
DB00838	C0413234	1.0
DB00838	C0022081	1.0
DB00838	C0920192	1.0
DB00838	C0027651	1.0
DB00838	C0033775	1.0
DB00838	C0033860	1.0
DB00838	C0035854	1.0
DB00838	C0029734	1.0
DB00838	C0042165	1.0
DB00838	C0006266	1.0
DB00838	C0024141	1.0
DB00631	C0024305	1.0
DB00631	C0023443	1.0
DB00631	C0026769	1.0
DB00882	C0020619	1.0
DB00882	C0025322	1.0
DB00882	C0025323	1.0
DB00882	C0018418	1.0
DB00882	C0034013	1.0
DB00882	C0007097	1.0
DB00882	C0029458	1.0
DB00882	C0014175	1.0
DB00453	C0001144	1.0
DB00453	C0018081	1.0
DB00453	C0021141	1.0
DB00453	C0003175	1.0
DB00453	C0008149	1.0
DB00453	C0032227	1.0
DB00453	C0004626	1.0
DB00453	C0039128	1.0
DB01000	C0001261	1.0
DB01000	C0008149	1.0
DB01000	C0013295	1.0
DB01000	C0014836	1.0
DB01000	C0018081	1.0
DB01000	C0023860	1.0
DB01000	C0024198	1.0
DB01000	C0271453	1.0
DB01000	C0037199	1.0
DB01000	C0149778	1.0
DB01000	C0038395	1.0
DB01000	C0021099	1.0
DB01000	C0023070	1.0
DB01000	C0004626	1.0
DB01000	C0038941	1.0
DB01176	C0026603	1.0
DB01176	C0042571	1.0
DB01176	C0035457	1.0
DB01176	C1276118	1.0
DB01176	C0423636	1.0
DB01176	C0003469	1.0
DB01176	C0004096	1.0
DB01176	C0240941	1.0
DB01176	C0038587	1.0
DB01176	C0009766	1.0
DB01176	C0162820	1.0
DB01176	C0011615	1.0
DB01176	C0013595	1.0
DB01176	C0032026	1.0
DB01176	C0035460	1.0
DB01176	C0037199	1.0
DB00979	C0151981	1.0
DB00979	C0021390	1.0
DB00979	C0022104	1.0
DB00979	C0030305	1.0
DB00979	C0037763	1.0
DB00979	C0005697	1.0
DB00979	C0344365	1.0
DB00942	C0151981	1.0
DB00942	C0021390	1.0
DB00942	C0022104	1.0
DB00942	C0030305	1.0
DB00942	C0037763	1.0
DB00942	C0005697	1.0
DB00942	C0344365	1.0
DB04839	C0020619	1.0
DB04839	C0034012	1.0
DB04839	C0019572	1.0
DB04839	C0007097	1.0
DB01264	C0001175	1.0
DB01262	C0004030	1.0
DB01262	C0006840	1.0
DB01262	C0008582	1.0
DB01262	C0085436	1.0
DB06699	C0014175	1.0
DB06699	C0034013	1.0
DB06699	C0002453	1.0
DB06699	C0034012	1.0
DB00944	C0026896	1.0
DB00944	C0344365	1.0
DB00944	C0013221	1.0
DB00944	C0017601	1.0
DB00618	C0008149	1.0
DB00618	C0039128	1.0
DB00618	C0003175	1.0
DB00618	C0032227	1.0
DB00618	C0004626	1.0
DB01134	C0003962	1.0
DB01134	C0013604	1.0
DB01134	C0018801	1.0
DB01134	C0019572	1.0
DB01134	C0020428	1.0
DB01134	C0221154	1.0
DB01134	C0020621	1.0
DB01134	C0001403	1.0
DB00967	C0009766	1.0
DB00967	C0011615	1.0
DB00967	C0035460	1.0
DB00967	C0037199	1.0
DB00967	C0026603	1.0
DB00967	C0042571	1.0
DB00967	C0423636	1.0
DB00967	C0003469	1.0
DB00967	C0004096	1.0
DB00967	C0027497	1.0
DB00967	C0240941	1.0
DB00967	C0038587	1.0
DB00967	C0856095	1.0
DB00967	C0009765	1.0
DB00967	C0162820	1.0
DB00967	C0013595	1.0
DB00967	C0032026	1.0
DB00304	C0014173	1.0
DB00304	C0020619	1.0
DB00304	C0025323	1.0
DB00304	C0025322	1.0
DB00304	C0002453	1.0
DB00304	C0007134	1.0
DB00304	C3203358	1.0
DB01260	C0001623	1.0
DB01260	C0006266	1.0
DB01260	C0009766	1.0
DB01260	C0009768	1.0
DB01260	C0013604	1.0
DB01260	C0022081	1.0
DB01260	C0920192	1.0
DB01260	C0024141	1.0
DB01260	C0240941	1.0
DB01260	C0035854	1.0
DB01260	C0004364	1.0
DB01260	C0009326	1.0
DB01260	C0854165	1.0
DB01260	C0263449	1.0
DB01260	C0036508	1.0
DB01260	C0017178	1.0
DB01260	C0413234	1.0
DB01260	C0027651	1.0
DB01260	C0033775	1.0
DB01260	C0013182	1.0
DB01260	C0029734	1.0
DB01260	C0042165	1.0
DB00547	C0001623	1.0
DB00547	C0004096	1.0
DB00547	C0004364	1.0
DB00547	C0006266	1.0
DB00547	C0009326	1.0
DB00547	C0854165	1.0
DB00547	C0009766	1.0
DB00547	C0013182	1.0
DB00547	C0013604	1.0
DB00547	C0017178	1.0
DB00547	C0413234	1.0
DB00547	C0024141	1.0
DB00547	C0027651	1.0
DB00547	C0035457	1.0
DB00547	C0029734	1.0
DB00547	C0263449	1.0
DB00547	C0020437	1.0
DB00547	C0240941	1.0
DB00547	C0009768	1.0
DB00547	C0022081	1.0
DB00547	C0920192	1.0
DB00547	C0035854	1.0
DB00405	C1276118	1.0
DB00405	C0009766	1.0
DB00405	C0011615	1.0
DB00405	C0035460	1.0
DB00405	C0009765	1.0
DB00405	C0162820	1.0
DB00405	C0013595	1.0
DB00405	C0032026	1.0
DB00405	C0423636	1.0
DB00405	C0003469	1.0
DB00405	C0004096	1.0
DB00405	C0026603	1.0
DB00405	C0027497	1.0
DB00405	C0240941	1.0
DB00405	C0038587	1.0
DB00405	C0042571	1.0
DB00405	C0856095	1.0
DB00633	C0221154	1.0
DB00380	C0024299	1.0
DB00380	C0026769	1.0
DB00380	C0235048	1.0
DB00380	C1261473	1.0
DB00380	C0023418	1.0
DB00380	C0023903	1.0
DB00380	C0948212	1.0
DB00380	C0026764	1.0
DB00380	C0027819	1.0
DB00380	C0039590	1.0
DB00380	C0006118	1.0
DB00380	C0852517	1.0
DB00380	C0019618	1.0
DB00380	C0023448	1.0
DB00380	C0026948	1.0
DB00380	C0035412	1.0
DB00380	C0278590	1.0
DB00380	C0036220	1.0
DB00380	C3665596	1.0
DB01144	C0017612	1.0
DB00266	C0549284	1.0
DB00266	C0032787	1.0
DB00266	C0038454	1.0
DB00266	C0235504	1.0
DB00890	C0020619	1.0
DB00890	C0025322	1.0
DB00890	C0025323	1.0
DB00890	C0021361	1.0
DB00890	C0021364	1.0
DB00890	C0007097	1.0
DB00890	C0018418	1.0
DB00890	C0034013	1.0
DB00890	C0029458	1.0
DB00890	C0001144	1.0
DB00890	C0014175	1.0
DB00890	C0025345	1.0
DB00890	C0002453	1.0
DB00890	C0007134	1.0
DB00890	C0014173	1.0
DB00890	C3203358	1.0
DB00255	C0020619	1.0
DB00255	C0025322	1.0
DB00255	C0025323	1.0
DB00255	C0021361	1.0
DB00255	C0021364	1.0
DB00255	C0018418	1.0
DB00255	C0034013	1.0
DB00223	C0001623	1.0
DB00223	C0004364	1.0
DB00223	C0009326	1.0
DB00223	C0854165	1.0
DB00223	C0263449	1.0
DB00223	C0011615	1.0
DB00223	C0036508	1.0
DB00223	C0013604	1.0
DB00223	C0017178	1.0
DB00223	C0413234	1.0
DB00223	C0027651	1.0
DB00223	C0033775	1.0
DB00223	C0033860	1.0
DB00223	C0004096	1.0
DB00223	C0006266	1.0
DB00223	C0009766	1.0
DB00223	C0009768	1.0
DB00223	C0022081	1.0
DB00223	C0920192	1.0
DB00223	C0024141	1.0
DB00223	C0035457	1.0
DB00223	C0035854	1.0
DB00223	C0042165	1.0
DB00223	C0013182	1.0
DB00223	C0029734	1.0
DB01396	C0344431	1.0
DB01396	C0042510	1.0
DB00390	C0344431	1.0
DB00390	C0042510	1.0
DB00985	C0003469	1.0
DB00985	C0035457	1.0
DB00985	C1276118	1.0
DB00985	C0423636	1.0
DB00985	C0004096	1.0
DB00985	C0240941	1.0
DB00985	C0035460	1.0
DB00985	C0038587	1.0
DB00985	C0009765	1.0
DB00985	C0009766	1.0
DB00985	C0011615	1.0
DB01075	C0042571	1.0
DB01075	C0856095	1.0
DB01075	C0423636	1.0
DB01075	C0004096	1.0
DB01075	C0240941	1.0
DB01075	C0035460	1.0
DB01075	C0038587	1.0
DB01075	C0009766	1.0
DB01075	C0162820	1.0
DB01075	C0011615	1.0
DB01075	C0013595	1.0
DB01075	C0032026	1.0
DB01075	C0037199	1.0
DB00841	C0004096	1.0
DB00841	C0006266	1.0
DB00841	C0423636	1.0
DB00841	C0549284	1.0
DB00841	C0004239	1.0
DB00841	C0018801	1.0
DB00841	C0221154	1.0
DB00841	C0340305	1.0
DB00841	C0039235	1.0
DB00841	C0344431	1.0
DB01248	C0036220	1.0
DB01184	C0003469	1.0
DB01184	C0497327	1.0
DB01184	C0027497	1.0
DB01184	C0033975	1.0
DB01184	C0856095	1.0
DB01135	C0039614	1.0
DB01135	C0020540	1.0
DB00997	C0006118	1.0
DB00997	C0019618	1.0
DB00997	C0026948	1.0
DB00997	C0035412	1.0
DB00997	C0278590	1.0
DB00997	C0036220	1.0
DB00997	C3665596	1.0
DB00997	C0852517	1.0
DB00997	C0023448	1.0
DB00997	C0026769	1.0
DB00997	C0235048	1.0
DB00254	C0001144	1.0
DB00254	C0018081	1.0
DB00254	C0021141	1.0
DB00645	C0013456	1.0
DB00645	C0019112	1.0
DB00645	C0019348	1.0
DB00645	C0027497	1.0
DB00645	C0029878	1.0
DB00645	C0271453	1.0
DB00645	C0240941	1.0
DB00645	C0040460	1.0
DB00645	C0856095	1.0
DB00645	C0235048	1.0
DB00645	C0030201	1.0
DB00378	C0001144	1.0
DB00378	C0014173	1.0
DB00378	C0014175	1.0
DB00378	C0020619	1.0
DB00378	C0025323	1.0
DB00378	C0002453	1.0
DB00378	C0007134	1.0
DB00378	C3203358	1.0
DB00378	C0042134	1.0
DB00378	C0021361	1.0
DB00378	C0025345	1.0
DB01057	C0030756	1.0
DB01127	C0700345	1.0
DB01127	C0000880	1.0
DB01127	C0005716	1.0
DB01127	C0006845	1.0
DB01127	C0006849	1.0
DB01127	C0009186	1.0
DB01127	C0036508	1.0
DB01127	C0019655	1.0
DB01127	C0086541	1.0
DB01127	C0030409	1.0
DB01127	C0004030	1.0
DB01127	C0010414	1.0
DB01127	C0549294	1.0
DB01127	C0040261	1.0
DB01127	C0038034	1.0
DB01127	C0043541	1.0
DB01010	C0026896	1.0
DB01010	C0344365	1.0
DB01010	C0017601	1.0
DB01010	C0152219	1.0
DB01084	C0035457	1.0
DB01084	C1276118	1.0
DB01084	C0009766	1.0
DB01084	C0011615	1.0
DB01084	C0035460	1.0
DB01084	C0037199	1.0
DB01084	C0162820	1.0
DB01084	C0013595	1.0
DB01084	C0032026	1.0
DB01084	C0423636	1.0
DB01084	C0003469	1.0
DB01084	C0004096	1.0
DB01084	C0026603	1.0
DB01084	C0027497	1.0
DB01084	C0240941	1.0
DB01084	C0038587	1.0
DB01084	C0042571	1.0
DB01084	C0856095	1.0
DB00879	C0001175	1.0
DB00584	C0221154	1.0
DB01225	C0042487	1.0
DB04880	C0013221	1.0
DB04880	C0018801	1.0
DB04880	C0032463	1.0
DB04880	C0858535	1.0
DB04880	C0018128	1.0
DB04880	C0021775	1.0
DB04880	C0085096	1.0
DB00445	C0023418	1.0
DB00445	C0023903	1.0
DB00445	C0024299	1.0
DB00445	C0948212	1.0
DB00445	C0026764	1.0
DB00445	C0027819	1.0
DB00445	C1261473	1.0
DB00445	C0039590	1.0
DB00445	C0006118	1.0
DB00445	C0019618	1.0
DB00445	C0026948	1.0
DB00445	C0035412	1.0
DB00445	C0278590	1.0
DB00445	C0036220	1.0
DB00445	C3665596	1.0
DB00445	C0852517	1.0
DB00445	C0023448	1.0
DB00445	C0026769	1.0
DB00445	C0235048	1.0
DB00700	C0003962	1.0
DB00700	C0013604	1.0
DB00700	C0018801	1.0
DB00700	C0019572	1.0
DB00700	C0020428	1.0
DB00700	C0020621	1.0
DB00700	C0001403	1.0
DB01613	C0013537	1.0
DB01613	C0018801	1.0
DB01613	C0020542	1.0
DB01613	C0340305	1.0
DB01613	C0235532	1.0
DB01613	C0020540	1.0
DB00199	C0271453	1.0
DB00199	C0032302	1.0
DB00199	C0037278	1.0
DB00199	C0040425	1.0
DB00187	C0549284	1.0
DB00187	C0004239	1.0
DB00187	C0004096	1.0
DB00187	C0006266	1.0
DB00187	C0017612	1.0
DB00187	C0007166	1.0
DB04573	C0020619	1.0
DB04573	C0025322	1.0
DB04573	C0025323	1.0
DB04573	C0021361	1.0
DB04573	C0021364	1.0
DB04573	C0007097	1.0
DB04573	C0018418	1.0
DB04573	C0034013	1.0
DB04573	C0029458	1.0
DB04573	C0001144	1.0
DB04573	C0014175	1.0
DB04573	C0025345	1.0
DB04573	C0002453	1.0
DB04573	C0007134	1.0
DB04573	C0014173	1.0
DB04573	C3203358	1.0
DB04573	C0042134	1.0
DB00286	C0021361	1.0
DB00286	C0021364	1.0
DB00286	C0007097	1.0
DB00286	C0018418	1.0
DB00286	C0034013	1.0
DB00286	C0029458	1.0
DB00286	C0002453	1.0
DB00286	C0007134	1.0
DB00286	C0014173	1.0
DB00286	C3203358	1.0
DB00286	C0042134	1.0
DB00286	C0001144	1.0
DB00286	C0014175	1.0
DB00286	C0025345	1.0
DB00655	C0021361	1.0
DB00655	C0021364	1.0
DB00655	C0007097	1.0
DB00655	C0018418	1.0
DB00655	C0034013	1.0
DB00655	C0029458	1.0
DB00655	C0002453	1.0
DB00655	C0007134	1.0
DB00655	C0014173	1.0
DB00655	C3203358	1.0
DB00655	C0042134	1.0
DB00655	C0001144	1.0
DB00655	C0014175	1.0
DB00655	C0025345	1.0
DB00977	C0021361	1.0
DB00977	C0021364	1.0
DB00754	C0014557	1.0
DB00754	C0014556	1.0
DB00754	C0014549	1.0
DB00754	C0038220	1.0
DB00754	C0235048	1.0
DB00754	C0040997	1.0
DB00754	C0005586	1.0
DB00754	C0014547	1.0
DB00754	C0033975	1.0
DB00754	C0035258	1.0
DB00754	C0036341	1.0
DB00754	C0038587	1.0
DB00754	C0010200	1.0
DB00754	C0011882	1.0
DB00754	C0344431	1.0
DB00754	C0042510	1.0
DB00823	C0001144	1.0
DB00823	C0014173	1.0
DB00823	C0025323	1.0
DB00823	C0025322	1.0
DB00823	C0002453	1.0
DB00823	C0021361	1.0
DB00823	C0021364	1.0
DB00823	C0025345	1.0
DB00294	C0001144	1.0
DB00294	C0014173	1.0
DB00294	C0014175	1.0
DB00294	C0020619	1.0
DB00294	C0025323	1.0
DB00294	C0025322	1.0
DB00294	C0002453	1.0
DB00294	C0007134	1.0
DB00294	C3203358	1.0
DB00294	C0042134	1.0
DB00294	C0025345	1.0
DB00773	C0852517	1.0
DB00773	C0023448	1.0
DB00773	C0023418	1.0
DB00773	C0023903	1.0
DB00773	C0024299	1.0
DB00773	C0948212	1.0
DB00773	C0026764	1.0
DB00773	C1261473	1.0
DB00773	C0026769	1.0
DB00773	C0235048	1.0
DB01628	C0032580	1.0
DB01628	C0013390	1.0
DB01628	C0029408	1.0
DB01628	C0235762	1.0
DB00990	C0010481	1.0
DB00426	C0206178	1.0
DB00950	C0003469	1.0
DB00950	C0026603	1.0
DB00950	C0027497	1.0
DB00950	C0423636	1.0
DB00950	C0004096	1.0
DB00950	C0240941	1.0
DB00950	C0038587	1.0
DB00950	C0042571	1.0
DB00950	C0856095	1.0
DB00950	C0009766	1.0
DB00950	C0035460	1.0
DB00950	C0011615	1.0
DB00950	C0162820	1.0
DB00950	C0037199	1.0
DB00301	C0001261	1.0
DB00301	C0008149	1.0
DB00301	C0013295	1.0
DB00301	C0023860	1.0
DB00301	C0024198	1.0
DB00301	C0271453	1.0
DB00301	C0037199	1.0
DB00301	C0149778	1.0
DB00301	C0038395	1.0
DB00301	C0014836	1.0
DB00301	C0018081	1.0
DB00301	C0021099	1.0
DB00301	C0023070	1.0
DB00301	C0004626	1.0
DB00301	C0035243	1.0
DB00301	C0038941	1.0
DB00301	C0038160	1.0
DB00301	C0032269	1.0
DB00322	C0007117	1.0
DB00322	C0022593	1.0
DB00322	C0002888	1.0
DB00322	C0013221	1.0
DB00322	C0016412	1.0
DB00196	C0006846	1.0
DB00196	C0040259	1.0
DB00687	C0011615	1.0
DB00687	C0036508	1.0
DB00687	C0522570	1.0
DB00687	C0033775	1.0
DB00687	C0033860	1.0
DB00687	C0001623	1.0
DB00687	C0004364	1.0
DB00687	C0009326	1.0
DB00687	C0854165	1.0
DB00687	C0013604	1.0
DB00687	C0017178	1.0
DB00687	C0413234	1.0
DB00687	C0027651	1.0
DB00687	C0004096	1.0
DB00687	C0006266	1.0
DB00687	C0009766	1.0
DB00687	C0013182	1.0
DB00687	C0024141	1.0
DB00687	C0240941	1.0
DB00687	C0035457	1.0
DB00687	C0029734	1.0
DB00687	C0042165	1.0
DB00687	C0263449	1.0
DB00687	C0020437	1.0
DB00687	C0009768	1.0
DB00687	C0022081	1.0
DB00687	C0920192	1.0
DB00687	C0035854	1.0
DB00663	C0001623	1.0
DB00663	C0004364	1.0
DB00663	C0009326	1.0
DB00663	C0854165	1.0
DB00663	C0263449	1.0
DB00663	C0011615	1.0
DB00663	C0036508	1.0
DB00663	C0013604	1.0
DB00663	C0017178	1.0
DB00663	C0413234	1.0
DB00663	C0027651	1.0
DB00663	C0033775	1.0
DB00663	C0033860	1.0
DB00663	C0004096	1.0
DB00663	C0006266	1.0
DB00663	C0009766	1.0
DB00663	C0009768	1.0
DB00663	C0022081	1.0
DB00663	C0920192	1.0
DB00663	C0024141	1.0
DB00663	C0035457	1.0
DB00663	C0035854	1.0
DB00663	C0042165	1.0
DB00663	C0013182	1.0
DB00663	C0029734	1.0
DB00180	C0011615	1.0
DB00180	C0522570	1.0
DB00180	C0033860	1.0
DB00180	C0001623	1.0
DB00180	C0006266	1.0
DB00180	C0009766	1.0
DB00180	C0009768	1.0
DB00180	C0013604	1.0
DB00180	C0022081	1.0
DB00180	C0920192	1.0
DB00180	C0024141	1.0
DB00180	C0240941	1.0
DB00180	C0035854	1.0
DB00180	C0004364	1.0
DB00180	C0009326	1.0
DB00180	C0854165	1.0
DB00180	C0263449	1.0
DB00180	C0036508	1.0
DB00180	C0017178	1.0
DB00180	C0413234	1.0
DB00180	C0027651	1.0
DB00180	C0033775	1.0
DB00591	C0001623	1.0
DB00591	C0006266	1.0
DB00591	C0009766	1.0
DB00591	C0009768	1.0
DB00591	C0036508	1.0
DB00591	C0013604	1.0
DB00591	C0022081	1.0
DB00591	C0920192	1.0
DB00591	C0024141	1.0
DB00591	C0240941	1.0
DB00591	C0033775	1.0
DB00591	C0035854	1.0
DB00591	C0004364	1.0
DB00591	C0009326	1.0
DB00591	C0854165	1.0
DB00591	C0263449	1.0
DB00591	C0017178	1.0
DB00591	C0413234	1.0
DB00591	C0027651	1.0
DB00591	C0042165	1.0
DB01047	C0011615	1.0
DB01047	C0033860	1.0
DB01047	C0004096	1.0
DB01047	C0035457	1.0
DB01047	C0001623	1.0
DB01047	C0006266	1.0
DB01047	C0009766	1.0
DB01047	C0009768	1.0
DB01047	C0013604	1.0
DB01047	C0022081	1.0
DB01047	C0920192	1.0
DB01047	C0024141	1.0
DB01047	C0035854	1.0
DB01047	C0263449	1.0
DB01047	C0036508	1.0
DB01047	C0033775	1.0
DB01047	C0004364	1.0
DB01047	C0009326	1.0
DB01047	C0854165	1.0
DB01047	C0017178	1.0
DB01047	C0413234	1.0
DB01047	C0027651	1.0
DB00324	C0004096	1.0
DB00324	C0035457	1.0
DB00544	C0019357	1.0
DB00544	C0002888	1.0
DB00544	C0013221	1.0
DB00544	C0016412	1.0
DB00846	C0001623	1.0
DB00846	C0006266	1.0
DB00846	C0009766	1.0
DB00846	C0009768	1.0
DB00846	C0013604	1.0
DB00846	C0022081	1.0
DB00846	C0920192	1.0
DB00846	C0024141	1.0
DB00846	C0240941	1.0
DB00846	C0035854	1.0
DB00846	C0004364	1.0
DB00846	C0009326	1.0
DB00846	C0854165	1.0
DB00846	C0263449	1.0
DB00846	C0036508	1.0
DB00846	C0017178	1.0
DB00846	C0413234	1.0
DB00846	C0027651	1.0
DB00846	C0033775	1.0
DB00846	C0013182	1.0
DB00846	C0029734	1.0
DB00846	C0042165	1.0
DB04842	C0003469	1.0
DB04842	C0497327	1.0
DB04842	C0027497	1.0
DB04842	C0033975	1.0
DB04842	C0856095	1.0
DB00499	C0007097	1.0
DB00499	C0020619	1.0
DB00499	C0034012	1.0
DB00588	C0522570	1.0
DB00588	C0240941	1.0
DB00588	C0001623	1.0
DB00588	C0004364	1.0
DB00588	C0009326	1.0
DB00588	C0854165	1.0
DB00588	C0263449	1.0
DB00588	C0011615	1.0
DB00588	C0036508	1.0
DB00588	C0013604	1.0
DB00588	C0017178	1.0
DB00588	C0413234	1.0
DB00588	C0027651	1.0
DB00588	C0033775	1.0
DB00588	C0033860	1.0
DB00588	C0006266	1.0
DB00588	C0009766	1.0
DB00588	C0009768	1.0
DB00588	C0022081	1.0
DB00588	C0920192	1.0
DB00588	C0024141	1.0
DB00588	C0035854	1.0
DB00588	C0042165	1.0
DB00176	C0154472	1.0
DB00176	C0497327	1.0
DB00176	C0011882	1.0
DB00569	C0002965	1.0
DB00569	C0340305	1.0
DB00569	C0032787	1.0
DB00569	C1735914	1.0
DB00569	C0040038	1.0
DB00569	C0235504	1.0
DB00569	C0042487	1.0
DB00983	C0423636	1.0
DB00983	C0017612	1.0
DB00983	C0018801	1.0
DB00983	C0221154	1.0
DB00983	C0340305	1.0
DB00983	C0039235	1.0
DB00983	C0344431	1.0
DB00983	C0042510	1.0
DB00983	C0549284	1.0
DB00983	C0004239	1.0
DB00492	C0013604	1.0
DB00492	C0020540	1.0
DB01320	C0014557	1.0
DB01320	C0014556	1.0
DB01320	C0014549	1.0
DB01320	C0005586	1.0
DB01320	C0014547	1.0
DB01320	C0235048	1.0
DB01320	C0033975	1.0
DB01320	C0035258	1.0
DB01320	C0036341	1.0
DB01320	C0038587	1.0
DB01320	C0040997	1.0
DB01320	C0010200	1.0
DB01320	C0344431	1.0
DB01320	C0042510	1.0
DB01320	C0011882	1.0
DB00452	C0014836	1.0
DB00452	C0019151	1.0
DB00452	C0015404	1.0
DB00452	C0026918	1.0
DB00452	C0033817	1.0
DB00452	C0035243	1.0
DB00452	C0038160	1.0
DB00452	C0014118	1.0
DB00452	C0036690	1.0
DB00452	C0018081	1.0
DB00452	C0029527	1.0
DB00452	C0014121	1.0
DB00452	C0032064	1.0
DB00452	C0038395	1.0
DB00452	C0041351	1.0
DB00452	C0149778	1.0
DB00947	C0020619	1.0
DB00947	C0025322	1.0
DB00947	C0025323	1.0
DB00947	C0021361	1.0
DB00947	C0021364	1.0
DB00947	C0007097	1.0
DB00947	C0018418	1.0
DB00947	C0034013	1.0
DB00947	C0029458	1.0
DB00947	C0001144	1.0
DB00947	C0002453	1.0
DB00947	C0007134	1.0
DB00947	C0014173	1.0
DB00947	C0014175	1.0
DB00947	C3203358	1.0
DB00947	C0025345	1.0
DB00947	C0042134	1.0
DB00789	C0855054	1.0
DB00789	C0019829	1.0
DB00789	C0025202	1.0
DB00789	C0027819	1.0
DB00789	C0035412	1.0
DB01004	C0008049	1.0
DB01004	C0019345	1.0
DB01004	C0019364	1.0
DB01004	C0019360	1.0
DB00798	C0014836	1.0
DB00798	C0019151	1.0
DB00798	C0026918	1.0
DB00798	C0029527	1.0
DB00798	C0014121	1.0
DB00798	C0018081	1.0
DB00798	C0032064	1.0
DB00798	C0038395	1.0
DB00798	C0041351	1.0
DB00986	C0021390	1.0
DB00986	C0022104	1.0
DB00986	C0030305	1.0
DB00986	C0037763	1.0
DB00986	C0005697	1.0
DB00986	C0344365	1.0
DB00644	C0014175	1.0
DB00889	C0027497	1.0
DB00889	C0856095	1.0
DB00629	C0235048	1.0
DB01018	C0235048	1.0
DB06696	C0018081	1.0
DB06696	C0014836	1.0
DB06696	C0015404	1.0
DB06696	C0019151	1.0
DB06696	C0038160	1.0
DB06696	C0029527	1.0
DB06696	C0014121	1.0
DB06696	C0032064	1.0
DB06696	C0038395	1.0
DB06696	C0041351	1.0
DB06696	C0149778	1.0
DB00596	C0001623	1.0
DB00596	C0004096	1.0
DB00596	C0004364	1.0
DB00596	C0009326	1.0
DB00596	C0854165	1.0
DB00596	C0009766	1.0
DB00596	C0009768	1.0
DB00596	C0011615	1.0
DB00596	C0036508	1.0
DB00596	C0013604	1.0
DB00596	C0017178	1.0
DB00596	C0413234	1.0
DB00596	C0022081	1.0
DB00596	C0920192	1.0
DB00596	C0027651	1.0
DB00596	C0033775	1.0
DB00596	C0033860	1.0
DB00596	C0035457	1.0
DB00596	C0035854	1.0
DB00596	C0006266	1.0
DB00596	C0024141	1.0
DB00596	C0042165	1.0
DB00596	C0013182	1.0
DB00596	C0020437	1.0
DB00596	C0029734	1.0
DB00941	C0014877	1.0
DB00941	C0017612	1.0
DB00941	C0030756	1.0
DB00741	C0004364	1.0
DB00741	C0009326	1.0
DB00741	C0854165	1.0
DB00741	C0013604	1.0
DB00741	C0017178	1.0
DB00741	C0413234	1.0
DB00741	C0027651	1.0
DB00741	C0011615	1.0
DB00741	C0036508	1.0
DB00741	C0033860	1.0
DB00741	C0004096	1.0
DB00741	C0006266	1.0
DB00741	C0009766	1.0
DB00741	C0013182	1.0
DB00741	C0020437	1.0
DB00741	C0024141	1.0
DB00741	C0240941	1.0
DB00741	C0035457	1.0
DB00741	C0029734	1.0
DB00741	C0042165	1.0
DB00741	C0009768	1.0
DB00741	C0263449	1.0
DB00741	C0022081	1.0
DB00741	C0920192	1.0
DB00741	C0035854	1.0
DB01611	C0009663	1.0
DB00557	C0035457	1.0
DB00557	C1276118	1.0
DB00557	C0026603	1.0
DB00557	C0042571	1.0
DB00557	C0009766	1.0
DB00557	C0035460	1.0
DB00557	C0162820	1.0
DB00557	C0011615	1.0
DB00557	C0013595	1.0
DB00557	C0032026	1.0
DB00710	C0020437	1.0
DB00710	C0029442	1.0
DB00710	C0029458	1.0
DB01050	C0235762	1.0
DB01177	C0006118	1.0
DB01177	C0019618	1.0
DB01177	C0026948	1.0
DB01177	C0035412	1.0
DB01177	C0278590	1.0
DB01177	C0036220	1.0
DB01177	C3665596	1.0
DB01177	C0852517	1.0
DB01177	C0023448	1.0
DB01177	C0026769	1.0
DB01177	C0235048	1.0
DB00249	C0019357	1.0
DB00619	C0235762	1.0
DB00724	C0024141	1.0
DB00724	C0024536	1.0
DB00724	C0162566	1.0
DB00724	C0235762	1.0
DB01029	C0018801	1.0
DB00762	C0852517	1.0
DB00221	C0423636	1.0
DB00221	C0549284	1.0
DB00221	C0004239	1.0
DB00221	C0018801	1.0
DB00221	C0221154	1.0
DB00221	C0340305	1.0
DB00221	C0039235	1.0
DB00221	C0344431	1.0
DB00221	C0042510	1.0
DB00221	C0007166	1.0
DB00221	C0017612	1.0
DB00883	C0035220	1.0
DB00883	C0013537	1.0
DB00883	C0020542	1.0
DB00883	C0340305	1.0
DB00883	C0020540	1.0
DB01167	C0000880	1.0
DB01167	C0006846	1.0
DB01167	C0036508	1.0
DB01167	C0040259	1.0
DB01167	C0040262	1.0
DB01172	C0014118	1.0
DB01172	C0036690	1.0
DB01172	C0018081	1.0
DB01172	C0029527	1.0
DB01172	C0014121	1.0
DB01172	C0032064	1.0
DB01172	C0038395	1.0
DB01172	C0041351	1.0
DB01172	C0149778	1.0
DB01026	C0004030	1.0
DB01026	C0010414	1.0
DB01026	C0549294	1.0
DB01026	C0040261	1.0
DB01026	C0038034	1.0
DB01026	C0043541	1.0
DB00448	C0018834	1.0
DB00528	C0002963	1.0
DB00528	C0549284	1.0
DB00528	C0004239	1.0
DB00528	C0221154	1.0
DB00528	C0340305	1.0
DB00528	C0039235	1.0
DB01006	C0010481	1.0
DB00650	C0019357	1.0
DB00650	C0007117	1.0
DB00650	C0022593	1.0
DB00504	C0235048	1.0
DB01210	C0423636	1.0
DB01210	C0018801	1.0
DB01210	C0221154	1.0
DB01210	C0340305	1.0
DB01210	C0039235	1.0
DB01210	C0344431	1.0
DB01210	C0042510	1.0
DB01210	C0549284	1.0
DB01210	C0004239	1.0
DB01002	C0013456	1.0
DB01002	C0019112	1.0
DB01002	C0019348	1.0
DB01002	C0027497	1.0
DB01002	C0029878	1.0
DB01002	C0271453	1.0
DB01002	C0240941	1.0
DB01002	C0040460	1.0
DB01002	C0856095	1.0
DB01002	C0015468	1.0
DB01106	C0035457	1.0
DB01106	C1276118	1.0
DB01106	C0423636	1.0
DB01106	C0003469	1.0
DB01106	C0004096	1.0
DB01106	C0026603	1.0
DB01106	C0027497	1.0
DB01106	C0240941	1.0
DB01106	C0038587	1.0
DB01106	C0042571	1.0
DB01106	C0856095	1.0
DB01106	C0035460	1.0
DB01627	C0001144	1.0
DB01627	C0040558	1.0
DB01627	C0085166	1.0
DB01583	C0018021	1.0
DB01583	C0027145	1.0
DB01583	C0920350	1.0
DB01583	C0040156	1.0
DB00722	C0013604	1.0
DB00722	C0020540	1.0
DB00722	C0235762	1.0
DB00455	C0035460	1.0
DB00455	C0009766	1.0
DB00455	C0011615	1.0
DB00455	C0037199	1.0
DB00455	C0423636	1.0
DB00455	C0003469	1.0
DB00455	C0004096	1.0
DB00455	C0027497	1.0
DB00455	C0240941	1.0
DB00455	C0038587	1.0
DB00455	C0856095	1.0
DB00455	C0009765	1.0
DB00455	C0026603	1.0
DB00455	C0042571	1.0
DB00455	C0162820	1.0
DB00455	C0013595	1.0
DB00455	C0032026	1.0
DB00873	C0240941	1.0
DB00873	C0001623	1.0
DB00873	C0004096	1.0
DB00873	C0004364	1.0
DB00873	C0006266	1.0
DB00873	C0009326	1.0
DB00873	C0854165	1.0
DB00873	C0263449	1.0
DB00873	C0011615	1.0
DB00873	C0036508	1.0
DB00873	C0017178	1.0
DB00873	C0413234	1.0
DB00873	C0024141	1.0
DB00873	C0027651	1.0
DB00873	C0033775	1.0
DB00873	C0033860	1.0
DB00873	C0035457	1.0
DB00256	C0001144	1.0
DB00256	C0003175	1.0
DB00256	C0008149	1.0
DB00256	C0018081	1.0
DB00256	C0032227	1.0
DB00256	C0004626	1.0
DB00256	C0039128	1.0
DB00772	C0014877	1.0
DB00772	C0017612	1.0
DB00179	C0004096	1.0
DB00179	C0235762	1.0
DB00643	C0013502	1.0
DB00643	C0017536	1.0
DB00643	C0338437	1.0
DB00643	C0029106	1.0
DB00643	C0040553	1.0
DB00657	C0039614	1.0
DB00737	C0423636	1.0
DB00737	C0003469	1.0
DB00737	C0004096	1.0
DB00737	C0027497	1.0
DB00737	C0240941	1.0
DB00737	C0038587	1.0
DB00737	C0856095	1.0
DB00737	C0035457	1.0
DB00737	C1276118	1.0
DB00737	C0009766	1.0
DB00737	C0035460	1.0
DB00737	C0162820	1.0
DB00737	C0011615	1.0
DB00737	C0013595	1.0
DB00737	C0032026	1.0
DB00737	C0037199	1.0
DB00603	C0001144	1.0
DB00603	C0014175	1.0
DB00603	C0020619	1.0
DB00603	C0025323	1.0
DB00603	C0025322	1.0
DB00603	C0025345	1.0
DB00253	C0001623	1.0
DB00253	C0004364	1.0
DB00253	C0009326	1.0
DB00253	C0854165	1.0
DB00253	C0013604	1.0
DB00253	C0017178	1.0
DB00253	C0413234	1.0
DB00253	C0027651	1.0
DB00253	C0011615	1.0
DB00253	C0036508	1.0
DB00253	C0033775	1.0
DB00253	C0033860	1.0
DB00253	C0004096	1.0
DB00253	C0006266	1.0
DB00253	C0020437	1.0
DB00253	C0024141	1.0
DB00253	C0240941	1.0
DB00253	C0035457	1.0
DB00253	C0009768	1.0
DB00253	C0263449	1.0
DB00253	C0022081	1.0
DB00253	C0920192	1.0
DB00253	C0035854	1.0
DB00784	C0235762	1.0
DB00351	C0001144	1.0
DB00351	C0014173	1.0
DB00351	C0014175	1.0
DB00351	C0020619	1.0
DB00351	C0025323	1.0
DB00814	C0235762	1.0
DB01365	C0740481	1.0
DB01365	C0221477	1.0
DB00532	C0036572	1.0
DB00532	C0038220	1.0
DB00532	C0235048	1.0
DB00532	C0040997	1.0
DB00532	C0005586	1.0
DB00532	C0014547	1.0
DB00532	C0033975	1.0
DB00532	C0035258	1.0
DB00532	C0036341	1.0
DB00532	C0038587	1.0
DB00532	C0010200	1.0
DB00532	C0011882	1.0
DB00532	C0344431	1.0
DB00532	C0042510	1.0
DB00961	C0013456	1.0
DB00961	C0019112	1.0
DB00961	C0019348	1.0
DB00961	C0027497	1.0
DB00961	C0029878	1.0
DB00961	C0271453	1.0
DB00961	C0240941	1.0
DB00961	C0040460	1.0
DB00961	C0856095	1.0
DB00961	C0015468	1.0
DB01071	C0162820	1.0
DB01071	C0011615	1.0
DB01071	C0035457	1.0
DB01071	C1276118	1.0
DB01071	C0013595	1.0
DB01071	C0032026	1.0
DB01071	C0009766	1.0
DB01071	C0026603	1.0
DB01071	C0037199	1.0
DB01071	C0042571	1.0
DB01071	C0423636	1.0
DB01071	C0003469	1.0
DB01071	C0004096	1.0
DB01071	C0027497	1.0
DB01071	C0240941	1.0
DB01071	C0038587	1.0
DB01071	C0856095	1.0
DB01071	C0009765	1.0
DB01071	C0035460	1.0
DB01033	C0009324	1.0
DB01033	C0010346	1.0
DB01033	C0024141	1.0
DB01033	C0026769	1.0
DB01033	C0043117	1.0
DB01033	C0018099	1.0
DB01033	C0235762	1.0
DB01357	C0020619	1.0
DB01357	C0025323	1.0
DB01357	C0021361	1.0
DB01357	C0021364	1.0
DB01357	C0007097	1.0
DB01357	C0018418	1.0
DB01357	C0034013	1.0
DB01357	C0029458	1.0
DB01357	C0001144	1.0
DB01357	C0014175	1.0
DB01357	C0025345	1.0
DB01357	C0002453	1.0
DB01357	C0007134	1.0
DB01357	C0014173	1.0
DB01357	C3203358	1.0
DB01357	C0042134	1.0
DB00816	C0007166	1.0
DB00816	C0423636	1.0
DB00816	C0549284	1.0
DB00816	C0004239	1.0
DB00816	C0018801	1.0
DB00816	C0221154	1.0
DB00816	C0340305	1.0
DB00816	C0039235	1.0
DB00816	C0344431	1.0
DB00816	C0042510	1.0
DB00816	C0017612	1.0
DB00703	C0017601	1.0
DB00902	C0009766	1.0
DB00902	C0026603	1.0
DB00902	C0037199	1.0
DB00902	C0042571	1.0
DB00902	C0423636	1.0
DB00902	C0003469	1.0
DB00902	C0004096	1.0
DB00902	C0009765	1.0
DB00902	C0027497	1.0
DB00902	C0240941	1.0
DB00902	C0038587	1.0
DB00902	C0856095	1.0
DB00902	C0035460	1.0
DB00563	C0024535	1.0
DB00968	C0235048	1.0
DB00959	C0004096	1.0
DB00959	C0006266	1.0
DB00959	C0009766	1.0
DB00959	C0013182	1.0
DB00959	C0020437	1.0
DB00959	C0024141	1.0
DB00959	C0240941	1.0
DB00959	C0035457	1.0
DB00959	C0029734	1.0
DB00959	C0042165	1.0
DB00959	C0009768	1.0
DB00959	C0263449	1.0
DB00959	C0022081	1.0
DB00959	C0920192	1.0
DB00959	C0035854	1.0
DB01214	C0423636	1.0
DB01214	C0018801	1.0
DB01214	C0221154	1.0
DB01214	C0340305	1.0
DB01214	C0039235	1.0
DB01214	C0344431	1.0
DB01214	C0042510	1.0
DB01214	C0549284	1.0
DB01214	C0004239	1.0
DB01214	C0004096	1.0
DB01214	C0006266	1.0
DB00416	C0020540	1.0
DB00264	C0004096	1.0
DB00264	C0006266	1.0
DB00264	C0017612	1.0
DB01011	C0010481	1.0
DB00379	C0010200	1.0
DB00379	C0040997	1.0
DB00379	C0014557	1.0
DB00379	C0014556	1.0
DB00379	C0014549	1.0
DB00379	C0235048	1.0
DB00379	C0036572	1.0
DB00379	C0005586	1.0
DB00379	C0014547	1.0
DB00379	C0033975	1.0
DB00379	C0035258	1.0
DB00379	C0036341	1.0
DB00379	C0038220	1.0
DB00379	C0038587	1.0
DB00379	C0344431	1.0
DB00235	C0018128	1.0
DB00235	C0021775	1.0
DB00235	C0085096	1.0
DB00235	C0032463	1.0
DB00235	C0858535	1.0
DB01204	C0023418	1.0
DB01204	C0023903	1.0
DB01204	C0948212	1.0
DB01204	C0026764	1.0
DB01204	C0027819	1.0
DB01204	C0039590	1.0
DB01204	C0006118	1.0
DB01204	C0019618	1.0
DB01204	C0026948	1.0
DB01204	C0035412	1.0
DB01204	C0278590	1.0
DB01204	C0036220	1.0
DB01204	C3665596	1.0
DB01204	C0852517	1.0
DB01204	C0023448	1.0
DB00691	C0013604	1.0
DB00691	C0020540	1.0
DB00764	C0263449	1.0
DB00764	C0001623	1.0
DB00764	C0004364	1.0
DB00764	C0009326	1.0
DB00764	C0854165	1.0
DB00764	C0011615	1.0
DB00764	C0036508	1.0
DB00764	C0013604	1.0
DB00764	C0017178	1.0
DB00764	C0413234	1.0
DB00764	C0027651	1.0
DB00764	C0033775	1.0
DB00764	C0033860	1.0
DB00764	C0006266	1.0
DB00764	C0009766	1.0
DB00764	C0009768	1.0
DB00764	C0013182	1.0
DB00764	C0020437	1.0
DB00764	C0022081	1.0
DB00764	C0920192	1.0
DB00764	C0024141	1.0
DB00764	C0035854	1.0
DB00764	C0029734	1.0
DB00764	C0042165	1.0
DB00680	C0235048	1.0
DB00680	C0005586	1.0
DB00680	C0014549	1.0
DB00680	C0033975	1.0
DB00680	C0035258	1.0
DB00680	C0036341	1.0
DB00680	C0038587	1.0
DB00680	C0040997	1.0
DB00680	C0010200	1.0
DB00680	C0014547	1.0
DB00680	C0014557	1.0
DB00680	C0014556	1.0
DB00680	C0036572	1.0
DB00680	C0038220	1.0
DB00680	C0011882	1.0
DB01203	C0039235	1.0
DB01203	C0344431	1.0
DB01203	C0042510	1.0
DB01203	C0004096	1.0
DB01203	C0549284	1.0
DB01203	C0004239	1.0
DB01203	C0006266	1.0
DB00666	C0002453	1.0
DB00666	C0034012	1.0
DB00735	C0006845	1.0
DB00735	C0040261	1.0
DB00735	C0040250	1.0
DB04861	C0423636	1.0
DB04861	C0004096	1.0
DB04861	C0006266	1.0
DB04861	C0018801	1.0
DB04861	C0221154	1.0
DB04861	C0340305	1.0
DB04861	C0039235	1.0
DB04861	C0344431	1.0
DB04861	C0042510	1.0
DB04861	C0549284	1.0
DB04861	C0004239	1.0
DB00994	C0014118	1.0
DB00994	C0036690	1.0
DB00994	C0018081	1.0
DB00994	C0029527	1.0
DB00994	C0014121	1.0
DB00994	C0032064	1.0
DB00994	C0038395	1.0
DB00994	C0041351	1.0
DB00994	C0149778	1.0
DB01400	C0013221	1.0
DB01400	C0017601	1.0
DB01400	C0152219	1.0
DB00955	C0015404	1.0
DB00955	C0019151	1.0
DB00955	C0026918	1.0
DB00955	C0033817	1.0
DB00955	C0035243	1.0
DB00955	C0029527	1.0
DB00955	C0014118	1.0
DB00955	C0014121	1.0
DB00955	C0014836	1.0
DB00955	C0018081	1.0
DB00955	C0032064	1.0
DB00955	C0036690	1.0
DB00955	C0038395	1.0
DB00955	C0041351	1.0
DB00955	C0149778	1.0
DB00699	C0740481	1.0
DB00699	C0221477	1.0
DB00665	C0019572	1.0
DB00665	C0020619	1.0
DB00665	C0034012	1.0
DB00435	C0423636	1.0
DB00435	C0235532	1.0
DB00435	C0018801	1.0
DB00727	C0235532	1.0
DB00727	C0020540	1.0
DB00325	C0423636	1.0
DB00325	C0013537	1.0
DB00325	C0020542	1.0
DB00325	C0340305	1.0
DB00325	C0235532	1.0
DB00717	C0002453	1.0
DB00717	C0007134	1.0
DB00717	C3203358	1.0
DB00717	C0042134	1.0
DB00717	C0025345	1.0
DB00717	C0021361	1.0
DB00717	C0003123	1.0
DB00717	C0043046	1.0
DB00957	C0001144	1.0
DB00957	C0014173	1.0
DB00957	C0014175	1.0
DB00957	C0020619	1.0
DB00957	C0025323	1.0
DB00957	C0025322	1.0
DB09389	C0001144	1.0
DB09389	C0014173	1.0
DB09389	C0014175	1.0
DB09389	C0020619	1.0
DB09389	C0025323	1.0
DB09389	C0025322	1.0
DB09389	C0002453	1.0
DB09389	C0007134	1.0
DB09389	C3203358	1.0
DB09389	C0042134	1.0
DB09389	C0025345	1.0
DB01092	C0344431	1.0
DB01092	C0042510	1.0
DB00621	C0020619	1.0
DB00621	C0034012	1.0
DB00621	C0007097	1.0
DB00621	C0019572	1.0
DB00776	C0005586	1.0
DB00776	C0014549	1.0
DB00776	C0033975	1.0
DB00776	C0035258	1.0
DB00776	C0036341	1.0
DB00776	C0038587	1.0
DB00776	C0040997	1.0
DB00776	C0235048	1.0
DB00776	C0010200	1.0
DB00776	C0014557	1.0
DB00776	C0014556	1.0
DB00776	C0036572	1.0
DB00776	C0038220	1.0
DB00776	C0344431	1.0
DB00776	C0042510	1.0
DB00776	C0011882	1.0
DB00239	C0005716	1.0
DB00239	C0006845	1.0
DB00239	C0006849	1.0
DB00239	C0700345	1.0
DB00239	C0009186	1.0
DB00239	C0019655	1.0
DB00239	C0085436	1.0
DB01580	C0423636	1.0
DB01580	C0549284	1.0
DB01580	C0004239	1.0
DB01580	C0018801	1.0
DB01580	C0221154	1.0
DB01580	C0340305	1.0
DB01580	C0039235	1.0
DB01580	C0344431	1.0
DB01580	C0042510	1.0
DB01580	C0004096	1.0
DB01580	C0006266	1.0
DB00219	C0151981	1.0
DB00219	C0021390	1.0
DB00219	C0022104	1.0
DB00219	C0030305	1.0
DB00219	C0037763	1.0
DB00219	C0005697	1.0
DB00219	C0344365	1.0
DB00595	C0003175	1.0
DB00595	C0032227	1.0
DB00595	C0004626	1.0
DB00595	C0021141	1.0
DB01229	C0025202	1.0
DB00377	C0027497	1.0
DB00377	C0856095	1.0
DB00213	C0013295	1.0
DB00213	C0018834	1.0
DB01384	C0020437	1.0
DB01384	C0240941	1.0
DB01384	C0042165	1.0
DB01384	C0009766	1.0
DB01384	C0009768	1.0
DB01384	C0263449	1.0
DB01384	C0013182	1.0
DB01384	C0022081	1.0
DB01384	C0920192	1.0
DB01384	C0035854	1.0
DB01384	C0029734	1.0
DB00910	C0020598	1.0
DB00910	C0022661	1.0
DB00885	C0009765	1.0
DB00885	C0026603	1.0
DB00885	C0027497	1.0
DB00885	C0035457	1.0
DB00885	C0035460	1.0
DB00885	C1276118	1.0
DB00885	C0042571	1.0
DB00885	C0856095	1.0
DB00885	C0011615	1.0
DB00885	C0003469	1.0
DB00885	C0162820	1.0
DB00885	C0013595	1.0
DB00885	C0032026	1.0
DB00885	C0037199	1.0
DB01359	C0018801	1.0
DB01359	C0039235	1.0
DB01359	C0344431	1.0
DB01359	C0042510	1.0
DB01359	C0549284	1.0
DB01359	C0004239	1.0
DB01359	C0004096	1.0
DB01359	C0006266	1.0
DB00299	C0206178	1.0
DB00417	C0001261	1.0
DB00417	C0008149	1.0
DB00417	C0013295	1.0
DB00417	C0023860	1.0
DB00417	C0024198	1.0
DB00417	C0149778	1.0
DB00417	C0038395	1.0
DB00417	C0014836	1.0
DB00417	C0018081	1.0
DB00417	C0021099	1.0
DB00417	C0023070	1.0
DB00417	C0004626	1.0
DB00417	C0035243	1.0
DB00417	C0038941	1.0
DB00790	C0013604	1.0
DB00790	C0020540	1.0
DB01619	C0026603	1.0
DB01619	C0042571	1.0
DB01619	C0423636	1.0
DB01619	C0003469	1.0
DB01619	C0004096	1.0
DB01619	C0027497	1.0
DB01619	C0240941	1.0
DB01619	C0038587	1.0
DB01619	C0856095	1.0
DB01619	C0009766	1.0
DB01619	C0162820	1.0
DB01619	C0011615	1.0
DB01619	C0013595	1.0
DB01619	C0032026	1.0
DB01619	C0035460	1.0
DB01619	C0037199	1.0
DB00498	C0549284	1.0
DB00498	C0032787	1.0
DB00498	C1735914	1.0
DB00498	C0038454	1.0
DB00498	C0040038	1.0
DB00498	C0235504	1.0
DB00498	C0042487	1.0
DB01620	C0037199	1.0
DB01620	C0035460	1.0
DB01620	C0009765	1.0
DB01620	C0162820	1.0
DB01620	C0013595	1.0
DB01620	C0032026	1.0
DB01620	C0026603	1.0
DB01620	C0042571	1.0
DB01620	C0423636	1.0
DB01620	C0003469	1.0
DB01620	C0004096	1.0
DB01620	C0027497	1.0
DB01620	C0240941	1.0
DB01620	C0038587	1.0
DB01620	C0856095	1.0
DB00981	C0026896	1.0
DB00981	C0344365	1.0
DB00981	C0152219	1.0
DB00670	C0021390	1.0
DB00670	C0151981	1.0
DB00670	C0022104	1.0
DB00670	C0030305	1.0
DB00670	C0037763	1.0
DB00670	C0005697	1.0
DB00670	C0344365	1.0
DB01604	C0001261	1.0
DB01604	C0008149	1.0
DB01604	C0013295	1.0
DB01604	C0024198	1.0
DB01604	C0271453	1.0
DB01604	C0037199	1.0
DB01604	C0149778	1.0
DB01604	C0021099	1.0
DB01604	C0023070	1.0
DB01604	C0032269	1.0
DB01604	C0004626	1.0
DB01604	C0038160	1.0
DB01604	C0038941	1.0
DB01604	C0037278	1.0
DB01179	C0852517	1.0
DB01179	C0023448	1.0
DB01179	C0023418	1.0
DB01179	C0023903	1.0
DB01179	C0024299	1.0
DB01179	C0948212	1.0
DB01179	C0026764	1.0
DB01179	C1261473	1.0
DB01179	C0026769	1.0
DB01179	C0235048	1.0
DB01263	C0700345	1.0
DB01263	C0000880	1.0
DB01263	C0005716	1.0
DB01263	C0006845	1.0
DB01263	C0006846	1.0
DB01263	C0006849	1.0
DB01263	C0009186	1.0
DB01263	C0036508	1.0
DB01263	C0019655	1.0
DB01263	C0086541	1.0
DB01263	C0030409	1.0
DB01263	C0040259	1.0
DB01263	C0040262	1.0
DB01263	C0004030	1.0
DB01263	C0010414	1.0
DB01263	C0549294	1.0
DB01263	C0040261	1.0
DB01263	C0038034	1.0
DB01263	C0043541	1.0
DB01297	C0423636	1.0
DB01297	C0549284	1.0
DB01297	C0004239	1.0
DB01297	C0018801	1.0
DB01297	C0221154	1.0
DB01297	C0340305	1.0
DB01297	C0039235	1.0
DB01297	C0344431	1.0
DB01297	C0042510	1.0
DB01297	C0004096	1.0
DB01297	C0006266	1.0
DB01297	C0017612	1.0
DB01130	C0001623	1.0
DB01130	C0004364	1.0
DB01130	C0009326	1.0
DB01130	C0854165	1.0
DB01130	C0009766	1.0
DB01130	C0009768	1.0
DB01130	C0263449	1.0
DB01130	C0011615	1.0
DB01130	C0036508	1.0
DB01130	C0013604	1.0
DB01130	C0017178	1.0
DB01130	C0413234	1.0
DB01130	C0022081	1.0
DB01130	C0920192	1.0
DB01130	C0027651	1.0
DB01130	C0033775	1.0
DB01130	C0033860	1.0
DB01130	C0035854	1.0
DB01130	C0004096	1.0
DB01130	C0035457	1.0
DB01130	C0042165	1.0
DB01130	C0006266	1.0
DB01130	C0024141	1.0
DB00860	C0004096	1.0
DB00860	C0006266	1.0
DB00860	C0009766	1.0
DB00860	C0013182	1.0
DB00860	C0020437	1.0
DB00860	C0024141	1.0
DB00860	C0240941	1.0
DB00860	C0035457	1.0
DB00860	C0029734	1.0
DB00860	C0042165	1.0
DB00860	C0009768	1.0
DB00860	C0263449	1.0
DB00860	C0022081	1.0
DB00860	C0920192	1.0
DB00860	C0035854	1.0
DB00635	C0854165	1.0
DB00635	C0011615	1.0
DB00635	C0036508	1.0
DB00635	C0013604	1.0
DB00635	C0033775	1.0
DB00635	C0033860	1.0
DB00635	C0042165	1.0
DB00635	C0004096	1.0
DB00635	C0006266	1.0
DB00635	C0009766	1.0
DB00635	C0013182	1.0
DB00635	C0024141	1.0
DB00635	C0240941	1.0
DB00635	C0035457	1.0
DB00635	C0029734	1.0
DB00635	C0009768	1.0
DB00635	C0263449	1.0
DB00635	C0022081	1.0
DB00635	C0920192	1.0
DB00635	C0035854	1.0
DB00750	C0005586	1.0
DB00750	C0014549	1.0
DB00750	C0033975	1.0
DB00750	C0035258	1.0
DB00750	C0036341	1.0
DB00750	C0038587	1.0
DB00750	C0014557	1.0
DB00750	C0014556	1.0
DB00750	C0036572	1.0
DB00750	C0010200	1.0
DB00750	C0014547	1.0
DB00750	C0038220	1.0
DB00750	C0344431	1.0
DB00750	C0042510	1.0
DB00750	C0011882	1.0
DB01366	C0004096	1.0
DB01366	C0006266	1.0
DB01366	C0423636	1.0
DB01366	C0007166	1.0
DB01366	C0017612	1.0
DB01366	C0221154	1.0
DB01366	C0340305	1.0
DB01366	C0344431	1.0
DB01123	C0858535	1.0
DB01123	C0040038	1.0
DB00396	C0001144	1.0
DB00396	C0014175	1.0
DB00396	C0020619	1.0
DB00396	C0025323	1.0
DB01131	C0023418	1.0
DB01131	C0026948	1.0
DB01131	C0029463	1.0
DB01131	C0033860	1.0
DB01131	C0039590	1.0
DB00782	C0021390	1.0
DB00782	C0005697	1.0
DB00782	C0344365	1.0
DB00807	C0015468	1.0
DB00807	C0013456	1.0
DB00807	C0019112	1.0
DB00807	C0019348	1.0
DB00807	C0027497	1.0
DB00807	C0029878	1.0
DB00807	C0271453	1.0
DB00807	C0240941	1.0
DB00807	C0040460	1.0
DB00807	C0856095	1.0
DB00807	C0235048	1.0
DB00807	C0030201	1.0
DB00545	C0344365	1.0
DB00545	C0013221	1.0
DB00545	C0017601	1.0
DB00545	C0152219	1.0
DB00205	C0023418	1.0
DB00205	C0026948	1.0
DB00205	C0029463	1.0
DB00205	C0033860	1.0
DB00205	C0039590	1.0
DB00881	C0013604	1.0
DB00881	C0020540	1.0
DB04575	C0020619	1.0
DB04575	C0025323	1.0
DB04575	C0021361	1.0
DB04575	C0021364	1.0
DB04575	C0007097	1.0
DB04575	C0018418	1.0
DB04575	C0034013	1.0
DB04575	C0029458	1.0
DB04575	C0014175	1.0
DB04575	C0001144	1.0
DB04575	C0025345	1.0
DB04575	C0002453	1.0
DB04575	C0007134	1.0
DB04575	C0014173	1.0
DB04575	C3203358	1.0
DB04575	C0042134	1.0
DB01129	C0018834	1.0
DB00481	C0021361	1.0
DB00481	C0021364	1.0
DB00481	C0020619	1.0
DB00481	C0025322	1.0
DB00481	C0025323	1.0
DB00293	C0002888	1.0
DB00293	C0013221	1.0
DB00293	C0016412	1.0
DB00293	C0019357	1.0
DB00293	C0007117	1.0
DB00293	C0022593	1.0
DB00178	C0013604	1.0
DB00178	C0020540	1.0
DB00178	C0235762	1.0
DB00863	C0013295	1.0
DB00863	C0013395	1.0
DB00863	C0014869	1.0
DB00863	C0018834	1.0
DB00863	C1276118	1.0
DB00863	C0043515	1.0
DB00234	C0221154	1.0
DB01180	C0018801	1.0
DB01180	C0242698	1.0
DB01180	C0013604	1.0
DB01180	C0020540	1.0
DB00896	C0001623	1.0
DB00896	C0004364	1.0
DB00896	C0009326	1.0
DB00896	C0854165	1.0
DB00896	C0011615	1.0
DB00896	C0036508	1.0
DB00896	C0013604	1.0
DB00896	C0017178	1.0
DB00896	C0413234	1.0
DB00896	C0027651	1.0
DB00896	C0033775	1.0
DB00896	C0033860	1.0
DB00896	C0004096	1.0
DB00896	C0006266	1.0
DB00896	C0020437	1.0
DB00896	C0024141	1.0
DB00896	C0240941	1.0
DB00896	C0035457	1.0
DB00896	C0009768	1.0
DB00896	C0263449	1.0
DB00896	C0022081	1.0
DB00896	C0920192	1.0
DB00896	C0035854	1.0
DB00884	C0020437	1.0
DB00884	C0029442	1.0
DB00867	C0004096	1.0
DB00867	C0006266	1.0
DB00867	C0007166	1.0
DB00867	C0423636	1.0
DB00867	C0549284	1.0
DB00867	C0004239	1.0
DB00867	C0017612	1.0
DB00867	C0018801	1.0
DB00867	C0221154	1.0
DB00867	C0340305	1.0
DB00867	C0039235	1.0
DB00867	C0344431	1.0
DB00867	C0042510	1.0
DB00989	C0013221	1.0
DB00989	C0017601	1.0
DB00989	C0026896	1.0
DB00989	C0344365	1.0
DB00296	C0013456	1.0
DB00296	C0019112	1.0
DB00296	C0019348	1.0
DB00296	C0027497	1.0
DB00296	C0029878	1.0
DB00296	C0271453	1.0
DB00296	C0240941	1.0
DB00296	C0040460	1.0
DB00296	C0856095	1.0
DB00296	C0015468	1.0
DB01098	C0856171	1.0
DB01098	C0020443	1.0
DB01098	C0020476	1.0
DB01098	C0020557	1.0
DB00938	C0007166	1.0
DB00938	C0423636	1.0
DB00938	C0549284	1.0
DB00938	C0004239	1.0
DB00938	C0017612	1.0
DB00938	C0018801	1.0
DB00938	C0221154	1.0
DB00938	C0340305	1.0
DB00938	C0039235	1.0
DB00938	C0344431	1.0
DB00938	C0042510	1.0
DB01153	C0700345	1.0
DB01153	C0006846	1.0
DB01153	C0040259	1.0
DB01153	C0040262	1.0
DB01153	C0000880	1.0
DB01153	C0005716	1.0
DB01153	C0006845	1.0
DB01153	C0006849	1.0
DB01153	C0009186	1.0
DB01153	C0036508	1.0
DB01153	C0019655	1.0
DB01153	C0086541	1.0
DB01153	C0030409	1.0
DB01153	C0004030	1.0
DB01153	C0010414	1.0
DB01153	C0549294	1.0
DB01153	C0040261	1.0
DB01153	C0038034	1.0
DB01153	C0043541	1.0
DB05630	C0852517	1.0
DB05630	C0023418	1.0
DB05630	C0024299	1.0
DB05630	C0027627	1.0
DB00919	C0014118	1.0
DB00919	C0026918	1.0
DB00919	C0033817	1.0
DB00919	C0035243	1.0
DB00919	C0036690	1.0
DB00919	C0029527	1.0
DB00919	C0014121	1.0
DB00919	C0032064	1.0
DB00919	C0038395	1.0
DB00919	C0041351	1.0
DB00919	C0014836	1.0
DB00919	C0015404	1.0
DB00919	C0019151	1.0
DB00919	C0038160	1.0
DB00919	C0149778	1.0
DB01348	C0013604	1.0
DB01348	C0018801	1.0
DB01348	C0020540	1.0
DB01348	C0242698	1.0
DB01348	C0221154	1.0
DB00421	C0001403	1.0
DB01082	C0018081	1.0
DB01082	C0014118	1.0
DB01082	C0033817	1.0
DB01082	C0035243	1.0
DB01082	C0036690	1.0
DB01082	C0014836	1.0
DB01082	C0015404	1.0
DB01082	C0019151	1.0
DB01082	C0038160	1.0
DB01082	C0149778	1.0
DB00634	C0700345	1.0
DB00634	C0008149	1.0
DB00634	C0028242	1.0
DB00634	C0271453	1.0
DB00634	C0006277	1.0
DB00634	C0040558	1.0
DB01298	C0700345	1.0
DB01298	C0008149	1.0
DB01298	C0010043	1.0
DB01298	C0028242	1.0
DB01298	C0271453	1.0
DB01298	C0040592	1.0
DB01298	C0006277	1.0
DB01298	C0040558	1.0
DB01298	C0036508	1.0
DB00359	C0024535	1.0
DB01299	C0024536	1.0
DB01299	C0028242	1.0
DB01299	C0040558	1.0
DB00576	C0700345	1.0
DB00576	C0008149	1.0
DB00576	C0010043	1.0
DB00576	C0028242	1.0
DB00576	C0271453	1.0
DB00576	C0040592	1.0
DB00576	C0006277	1.0
DB00576	C0040558	1.0
DB00576	C0036508	1.0
DB01015	C0008149	1.0
DB01015	C0010043	1.0
DB01015	C0040592	1.0
DB01015	C0700345	1.0
DB01015	C0036508	1.0
DB00259	C0008149	1.0
DB00259	C0010043	1.0
DB00259	C0028242	1.0
DB00259	C0271453	1.0
DB00259	C0040592	1.0
DB00259	C0006277	1.0
DB00259	C0040558	1.0
DB00259	C0036508	1.0
DB00263	C0700345	1.0
DB00263	C0006277	1.0
DB00263	C0040558	1.0
DB00263	C0036508	1.0
DB00675	C0021361	1.0
DB00675	C0021364	1.0
DB00675	C0020619	1.0
DB00675	C0025322	1.0
DB00675	C0025323	1.0
DB00675	C0007097	1.0
DB01265	C0001175	1.0
DB06287	C0011615	1.0
DB00444	C0006118	1.0
DB00444	C0019618	1.0
DB00444	C0026948	1.0
DB00444	C0027819	1.0
DB00444	C0035412	1.0
DB00444	C0278590	1.0
DB00444	C0036220	1.0
DB00444	C0039590	1.0
DB00444	C3665596	1.0
DB00444	C0023418	1.0
DB00444	C0023903	1.0
DB00444	C0024299	1.0
DB00444	C0948212	1.0
DB00444	C0026764	1.0
DB00444	C1261473	1.0
DB00444	C0026769	1.0
DB00444	C0235048	1.0
DB00871	C0007166	1.0
DB00871	C0423636	1.0
DB00871	C0549284	1.0
DB00871	C0004239	1.0
DB00871	C0018801	1.0
DB00871	C0221154	1.0
DB00871	C0340305	1.0
DB00871	C0039235	1.0
DB00871	C0344431	1.0
DB00871	C0042510	1.0
DB00871	C0017612	1.0
DB00251	C0000880	1.0
DB00251	C0005716	1.0
DB00251	C0006845	1.0
DB00251	C0006846	1.0
DB00251	C0006849	1.0
DB00251	C0009186	1.0
DB00251	C0036508	1.0
DB00251	C0019655	1.0
DB00251	C0086541	1.0
DB00251	C0030409	1.0
DB00251	C0040259	1.0
DB00251	C0040262	1.0
DB00251	C0004030	1.0
DB00251	C0010414	1.0
DB00251	C0549294	1.0
DB00251	C0040261	1.0
DB00251	C0038034	1.0
DB00251	C0043541	1.0
DB00894	C0010481	1.0
DB00624	C0019572	1.0
DB00624	C0007097	1.0
DB04844	C0221154	1.0
DB04844	C0036341	1.0
DB01007	C0006846	1.0
DB01007	C0040259	1.0
DB01007	C0040262	1.0
DB01007	C0000880	1.0
DB01007	C0005716	1.0
DB01007	C0006845	1.0
DB01007	C0006849	1.0
DB01007	C0009186	1.0
DB01007	C0036508	1.0
DB01007	C0019655	1.0
DB01007	C0086541	1.0
DB01007	C0030409	1.0
DB01007	C0004030	1.0
DB01007	C0010414	1.0
DB01007	C0549294	1.0
DB01007	C0040261	1.0
DB01007	C0038034	1.0
DB01007	C0043541	1.0
DB00932	C0001175	1.0
DB00684	C0014118	1.0
DB00684	C0036690	1.0
DB00684	C0018081	1.0
DB00684	C0029527	1.0
DB00684	C0014121	1.0
DB00684	C0032064	1.0
DB00684	C0038395	1.0
DB00684	C0041351	1.0
DB00684	C0149778	1.0
DB01056	C0005586	1.0
DB01056	C0014549	1.0
DB01056	C0033975	1.0
DB01056	C0035258	1.0
DB01056	C0036341	1.0
DB01056	C0038587	1.0
DB01056	C0036572	1.0
DB01056	C0014547	1.0
DB01056	C0014557	1.0
DB01056	C0014556	1.0
DB01056	C0010200	1.0
DB01056	C0038220	1.0
DB01056	C0344431	1.0
DB01056	C0042510	1.0
DB01056	C0011882	1.0
DB01030	C0023418	1.0
DB01030	C0024299	1.0
DB01030	C0027627	1.0
DB00539	C0020619	1.0
DB00539	C0025322	1.0
DB00539	C0025323	1.0
DB00539	C0018418	1.0
DB00539	C0034013	1.0
DB00539	C0007097	1.0
DB00539	C0029458	1.0
DB00539	C0014175	1.0
DB00519	C0013604	1.0
DB00519	C0020540	1.0
DB00302	C0019080	1.0
DB00620	C0004364	1.0
DB00620	C0009326	1.0
DB00620	C0854165	1.0
DB00620	C0013604	1.0
DB00620	C0017178	1.0
DB00620	C0413234	1.0
DB00620	C0027651	1.0
DB00620	C0009766	1.0
DB00620	C0009768	1.0
DB00620	C0022081	1.0
DB00620	C0920192	1.0
DB00620	C0240941	1.0
DB00620	C0035854	1.0
DB00620	C0042165	1.0
DB00620	C0013182	1.0
DB00620	C0020437	1.0
DB00620	C0029734	1.0
DB00432	C0007117	1.0
DB00432	C0022593	1.0
DB00432	C0002888	1.0
DB00432	C0013221	1.0
DB00432	C0016412	1.0
DB01246	C0009766	1.0
DB01246	C0026603	1.0
DB01246	C0037199	1.0
DB01246	C0042571	1.0
DB01246	C0423636	1.0
DB01246	C0003469	1.0
DB01246	C0004096	1.0
DB01246	C0027497	1.0
DB01246	C0240941	1.0
DB01246	C0038587	1.0
DB01246	C0856095	1.0
DB01246	C0009765	1.0
DB01246	C0035460	1.0
DB01157	C0023418	1.0
DB01157	C0026948	1.0
DB01157	C0029463	1.0
DB01157	C0033860	1.0
DB01157	C0039590	1.0
DB01157	C0024535	1.0
DB01157	C0006277	1.0
DB01157	C0014836	1.0
DB01157	C0015404	1.0
DB01157	C0038160	1.0
DB01157	C0040558	1.0
DB00792	C0009766	1.0
DB00792	C0011615	1.0
DB00792	C0037199	1.0
DB00792	C0009765	1.0
DB00792	C0035460	1.0
DB00792	C0162820	1.0
DB00792	C0013595	1.0
DB00792	C0026603	1.0
DB00792	C0032026	1.0
DB00792	C0042571	1.0
DB00792	C0423636	1.0
DB00792	C0003469	1.0
DB00792	C0004096	1.0
DB00792	C0027497	1.0
DB00792	C0240941	1.0
DB00792	C0038587	1.0
DB00792	C0856095	1.0
DB00427	C0037199	1.0
DB00427	C0035460	1.0
DB00427	C0009765	1.0
DB00427	C0162820	1.0
DB00427	C0013595	1.0
DB00427	C0032026	1.0
DB00427	C0026603	1.0
DB00427	C0042571	1.0
DB00427	C0423636	1.0
DB00427	C0003469	1.0
DB00427	C0004096	1.0
DB00427	C0027497	1.0
DB00427	C0240941	1.0
DB00427	C0038587	1.0
DB00427	C0856095	1.0
DB00209	C0021390	1.0
DB00209	C0151981	1.0
DB00209	C0022104	1.0
DB00209	C0030305	1.0
DB00209	C0037763	1.0
DB00209	C0005697	1.0
DB00209	C0344365	1.0
DB00385	C0023418	1.0
DB00385	C0023903	1.0
DB00385	C0024299	1.0
DB00385	C0948212	1.0
DB00385	C0026764	1.0
DB00385	C0027819	1.0
DB00385	C1261473	1.0
DB00385	C0039590	1.0
DB00385	C0006118	1.0
DB00385	C0019618	1.0
DB00385	C0026948	1.0
DB00385	C0035412	1.0
DB00385	C0278590	1.0
DB00385	C0036220	1.0
DB00385	C3665596	1.0
DB00385	C0852517	1.0
DB00385	C0023448	1.0
DB00385	C0026769	1.0
DB00385	C0235048	1.0
DB00194	C0022570	1.0
DB00309	C0036220	1.0
DB00309	C0025202	1.0
DB01022	C0549284	1.0
DB01022	C0013922	1.0
DB01022	C0340305	1.0
DB01022	C1735914	1.0
DB01022	C0040038	1.0
DB01022	C0042487	1.0
DB00582	C0006846	1.0
DB00582	C0040259	1.0
DB00582	C0040262	1.0
DB00582	C0000880	1.0
DB00582	C0005716	1.0
DB00582	C0006845	1.0
DB00582	C0006849	1.0
DB00582	C0700345	1.0
DB00582	C0009186	1.0
DB00582	C0036508	1.0
DB00582	C0019655	1.0
DB00582	C0086541	1.0
DB00582	C0030409	1.0
DB00582	C0010414	1.0
DB00582	C0549294	1.0
DB00582	C0040261	1.0
DB00582	C0038034	1.0
DB00582	C0043541	1.0
DB00744	C0022593	1.0
DB00744	C0235762	1.0
